{"accuracy": [0.41874998807907104, 0.534375011920929, 0.5859375, 0.581250011920929, 0.6312500238418579, 0.6421874761581421, 0.651562511920929, 0.667187511920929, 0.6937500238418579, 0.6703125238418579, 0.682812511920929, 0.703125, 0.7046874761581421, 0.6796875, 0.698437511920929, 0.721875011920929, 0.6968749761581421, 0.6937500238418579, 0.6875], "loss": [1.2966214418411255, 1.127510905265808, 1.0234841108322144, 0.9896753430366516, 0.9179477691650391, 0.8914287686347961, 0.8829898834228516, 0.8372421264648438, 0.8232418894767761, 0.8381587862968445, 0.7868619561195374, 0.8014461398124695, 0.7616045475006104, 0.7691503167152405, 0.7942920923233032, 0.7178080081939697, 0.7300060391426086, 0.7698029279708862, 0.7567197680473328], "val_accuracy": [0.25, 0.3125, 0.3499999940395355, 0.3499999940395355, 0.4625000059604645, 0.5874999761581421, 0.6499999761581421, 0.6625000238418579, 0.737500011920929, 0.75, 0.7875000238418579, 0.737500011920929, 0.762499988079071, 0.8125, 0.7124999761581421, 0.7749999761581421, 0.7749999761581421, 0.737500011920929, 0.7749999761581421], "val_loss": [1.9814857244491577, 1.5689661502838135, 1.332185983657837, 1.2629687786102295, 1.1551581621170044, 1.0056809186935425, 0.9180097579956055, 0.8445965051651001, 0.8049934506416321, 0.7747305631637573, 0.7384539842605591, 0.7383888959884644, 0.7172080278396606, 0.6891807317733765, 0.7106362581253052, 0.6675479412078857, 0.6535600423812866, 0.6874575018882751, 0.6631039977073669]}